ime,gorovje,višina (m),število ogledov,priljubljenost (mesto),število planinskih točk v okolici,število poti

Triglav,Julijske Alpe,2864,1148089,1,13,26

Montaž / Jôf di Montasio,Julijske Alpe,2753,622945,46,4,3

Škrlatica,Julijske Alpe,2740,654163,30,14,5

Mali Triglav,Julijske Alpe,2725,514378,210,12,3

Mangart,Julijske Alpe,2679,717796,8,2,8

Viš/Jof Fuart,Julijske Alpe,2666,567614,101,7,5

Vrh Brda / Cima Verde,Julijske Alpe,2661,442566,446,4,1

Visoki Rokav,Julijske Alpe,2646,495179,268,15,2

Jalovec,Julijske Alpe,2645,682623,18,6,10

Veliki Oltar,Julijske Alpe,2621,533162,160,14,2

Velika Martuljška Ponca,Julijske Alpe,2602,490498,287,15,1

Razor,Julijske Alpe,2601,624645,43,10,5

Dolkova špica,Julijske Alpe,2591,533892,158,10,5

Visoki Kanin,Julijske Alpe,2587,564128,107,3,5

Mali Kanin,Julijske Alpe,2571,441127,453,3,1

Kanjavec,Julijske Alpe,2569,576580,87,16,8

Kanjavec (Zahodni vrh),Julijske Alpe,2569,383840,667,16,4

Glava v Zaplanji,Julijske Alpe,2556,438911,459,10,4

Prisank / Prisojnik,Julijske Alpe,2547,674139,19,4,12

Rogljica,Julijske Alpe,2547,393945,628,12,1

Dovški križ,Julijske Alpe,2542,515372,207,12,2

Kredarica,Julijske Alpe,2541,6410,1996,12,1

Rž,Julijske Alpe,2538,484274,303,12,4

Rjavina,Julijske Alpe,2532,568059,99,7,9

Špik nad Nosom / Foronon del Buinz,Julijske Alpe,2531,473029,336,5,2

Morbegna,Julijske Alpe,2520,494557,270,9,3

Triglavski dom na Kredarici,Julijske Alpe,2515,614481,52,13,9

Koštrunove špice,Julijske Alpe,2502,449713,422,7,3

Mala Martuljška Ponca,Julijske Alpe,2501,418099,533,15,1

Stenar,Julijske Alpe,2501,587714,67,13,5

Spodnji Rokav,Julijske Alpe,2500,338473,837,13,1

Prestreljenik,Julijske Alpe,2499,512110,216,7,7

Široka peč,Julijske Alpe,2497,441563,452,13,1

Poprovec,Julijske Alpe,2496,361981,746,19,3

Teme (Hribarice),Julijske Alpe,2495,357830,761,19,2

Veliki Ozebnik,Julijske Alpe,2480,435689,469,6,4

Špik,Julijske Alpe,2472,635982,36,9,5

Mišeljski Konec,Julijske Alpe,2464,430851,493,18,1

Begunjski vrh,Julijske Alpe,2461,511424,219,10,6

Planja,Julijske Alpe,2453,480696,314,10,4

Vršaki (Vzhodni vrh),Julijske Alpe,2448,320335,910,21,4

Vrh Krnice,Julijske Alpe,2441,345483,811,4,1

Vršaki (Južni vrh),Julijske Alpe,2431,246263,1196,22,2

Bivak Suringar,Julijske Alpe,2430,329900,873,3,2

Kukova špica,Julijske Alpe,2427,527444,175,9,2

Vršaki (Srednji vrh),Julijske Alpe,2424,308503,955,20,2

Vršaki (Vrh za Koritami),Julijske Alpe,2422,214522,1319,21,2

Špik Hude police / Cima di Terrarossa,Julijske Alpe,2420,553013,118,4,2

Pihavec,Julijske Alpe,2419,491228,283,11,4

Špik nad Planjo / Punta Plagnis,Julijske Alpe,2411,302653,974,6,1

Križ,Julijske Alpe,2410,537602,148,15,8

Visoka Vrbanova špica,Julijske Alpe,2408,523722,183,9,6

Lopa,Julijske Alpe,2406,3630,2030,2,2

Gubno,Julijske Alpe,2403,366825,730,13,3

Dom Planika pod Triglavom,Julijske Alpe,2401,564900,106,14,8

Veliko Špičje,Julijske Alpe,2398,518252,197,7,7

Cmir,Julijske Alpe,2393,513975,213,8,4

Bovški Gamsovec,Julijske Alpe,2392,582219,80,11,3

Prestreljeniško okno,Julijske Alpe,2391,4730,2011,6,3

Debeli vrh,Julijske Alpe,2390,500764,249,22,1

Vrh Hribaric,Julijske Alpe,2388,354551,776,20,4

Šplevta (Indijanec),Julijske Alpe,2382,380175,681,14,2

Strma peč / Monte Cimone,Julijske Alpe,2380,415861,545,0,2

Travnik,Julijske Alpe,2379,451250,415,7,1

Vrh Osojnic,Julijske Alpe,2371,550,2351,7,3

Kriški rob,Julijske Alpe,2366,378846,685,14,2

Velika Mojstrovka,Julijske Alpe,2366,552751,119,13,1

Šmarjetna glava,Julijske Alpe,2358,382492,675,13,4

Spodnji Stenar,Julijske Alpe,2356,313952,931,13,1

Zadnja Mojstrovka,Julijske Alpe,2354,427573,501,11,1

Vrh Krnega dola / Monte Cregnedul,Julijske Alpe,2351,264701,1122,6,1

Kol,Julijske Alpe,2350,320433,906,6,1

Mišelj vrh,Julijske Alpe,2350,495252,265,13,1

Plaski Vogel,Julijske Alpe,2348,392318,635,4,1

Bavški Grintavec,Julijske Alpe,2347,570808,92,0,3

Briceljk,Julijske Alpe,2346,427165,503,2,1

Vevnica,Julijske Alpe,2342,461537,376,5,1

Vrh Snežne konte,Julijske Alpe,2342,361939,747,12,3

Dom Valentina Staniča pod Triglavom,Julijske Alpe,2332,538223,145,10,9

Mala Mojstrovka,Julijske Alpe,2332,654706,29,15,5

Velika Črnelska špica,Julijske Alpe,2332,389248,645,4,3

Zadnji Vogel,Julijske Alpe,2327,453261,405,20,1

Mali Ozebnik,Julijske Alpe,2324,283239,1052,4,1

Žrd / Sart,Julijske Alpe,2324,387439,651,1,2

Velika Zelnarica,Julijske Alpe,2320,478153,324,20,4

Veliki Nabojs / Monte Nabois grande,Julijske Alpe,2313,390142,644,3,2

Malo Špičje,Julijske Alpe,2312,422724,523,16,4

Mala Zelnarica,Julijske Alpe,2310,450042,420,19,4

Škednjovec,Julijske Alpe,2309,391571,638,21,2

Spodnja Vrbanova špica,Julijske Alpe,2299,398869,605,9,1

Konjc,Julijske Alpe,2289,323556,892,5,2

Frdamane police,Julijske Alpe,2284,383037,672,0,0

Tosc,Julijske Alpe,2275,585682,72,10,4

Visoka Ponca,Julijske Alpe,2274,518183,198,9,3

Šplevta,Julijske Alpe,2272,424101,515,12,2

Strug,Julijske Alpe,2265,385317,659,9,1

Dom Petra Skalarja na Kaninu,Julijske Alpe,2260,438139,461,5,3

Visoka Bela Špica / Cima Alta di Riobianco,Julijske Alpe,2257,2660,2060,4,1

Travnik,Julijske Alpe,2252,395817,616,4,1

Krn,Julijske Alpe,2244,722940,7,7,12

Veliki Draški vrh,Julijske Alpe,2243,559325,114,11,10

Zadnja Ponca,Julijske Alpe,2242,334933,855,10,2

Vrh Grubje,Julijske Alpe,2240,238474,1226,3,1

Srednja Ponca,Julijske Alpe,2228,419038,530,9,2

Čelo,Julijske Alpe,2228,446808,430,2,7

Srednji Vogel,Julijske Alpe,2226,330554,870,19,1

Vernar,Julijske Alpe,2225,461694,375,12,7

Rombon,Julijske Alpe,2208,589905,66,3,5

Vodnikov Vršac (Vršac nad Zadnjico),Julijske Alpe,2194,352159,787,15,4

Kopica,Julijske Alpe,2190,435203,471,14,3

Plešivec (Loška stena),Julijske Alpe,2184,386762,653,4,2

Gomiščkovo zavetišče na Krnu,Julijske Alpe,2182,462675,371,6,5

Prvi Vogel,Julijske Alpe,2181,376380,693,18,1

Vrh nad Peski,Julijske Alpe,2176,468484,355,9,6

Batognica,Julijske Alpe,2164,519626,192,9,9

Zgornje Kriško jezero,Julijske Alpe,2158,481802,311,14,2

Koča na Doliču,Julijske Alpe,2151,563337,110,14,9

Bivak Tarvisio,Julijske Alpe,2150,640,2327,0,0

Velika Baba (Kanin),Julijske Alpe,2148,5250,2005,2,1

Bela peč/Monte Bila pec,Julijske Alpe,2146,396116,613,5,1

Krnčica,Julijske Alpe,2142,443276,443,7,2

Teme,Julijske Alpe,2136,283742,1050,3,1

Kotovo sedlo,Julijske Alpe,2134,459515,381,5,2

Mali Draški vrh,Julijske Alpe,2132,517539,202,12,8

Jerebica,Julijske Alpe,2126,571841,89,2,2

Veliki Babanski Skedenj,Julijske Alpe,2121,6260,1997,4,1

Bivak na Jezerih,Julijske Alpe,2118,411962,560,12,1

Suhi vrh,Julijske Alpe,2109,378455,687,13,1

Goličica,Julijske Alpe,2101,7640,1989,4,1

Cesar,Julijske Alpe,2098,405663,586,12,1

Velika Tičarica,Julijske Alpe,2091,494508,271,16,3

Ogradi,Julijske Alpe,2087,500137,252,11,3

Poldašnja špica/Jof di Miezegnot,Julijske Alpe,2087,425380,511,2,3

Šitna glava,Julijske Alpe,2087,474993,334,13,1

Tolminski Kuk,Julijske Alpe,2085,517874,201,9,9

Zadnjiški Ozebnik,Julijske Alpe,2084,456623,389,5,2

Slatna,Julijske Alpe,2077,414530,551,16,3

Sleme,Julijske Alpe,2077,540695,141,3,3

Prevalski Stog,Julijske Alpe,2075,432800,482,14,4

Rigljica,Julijske Alpe,2074,331445,867,5,1

Kamniti lovec / Cima del Cacciatore,Julijske Alpe,2071,522306,186,2,5

Mala Tičarica,Julijske Alpe,2071,517026,203,13,4

Zasavska koča na Prehodavcih,Julijske Alpe,2071,601522,57,14,7

Zavetišče pod Špičkom,Julijske Alpe,2064,495614,263,4,4

Podrta gora,Julijske Alpe,2061,7220,1993,8,3

Veliki Pršivec,Julijske Alpe,2056,420397,528,3,1

Vrh nad Škrbino,Julijske Alpe,2054,476248,331,7,12

Zeleni vrh,Julijske Alpe,2052,349007,799,9,6

Pogačnikov dom na Kriških podih,Julijske Alpe,2050,628437,40,14,4

Viševnik,Julijske Alpe,2050,709922,10,10,21

Dve špici/Due Pizzi,Julijske Alpe,2046,405580,588,1,1

Veliki Lemež,Julijske Alpe,2042,2150,2097,8,2

Bivak Marrusich,Julijske Alpe,2041,267613,1115,5,2

Jezerski Stog,Julijske Alpe,2040,495638,262,12,6

Na Pečeh,Julijske Alpe,2039,313847,932,15,1

Srednji vrh,Julijske Alpe,2032,335939,846,9,2

Drobeče Sleme,Julijske Alpe,2029,338324,838,3,3

Kreda,Julijske Alpe,2025,442967,445,14,2

Eva,Julijske Alpe,2019,430527,495,13,1

Velika Baba,Julijske Alpe,2016,501922,246,3,4

Debela peč,Julijske Alpe,2014,672652,21,7,13

Adam,Julijske Alpe,2012,421760,527,13,1

Lopatnik,Julijske Alpe,2012,408298,572,4,1

Brda,Julijske Alpe,2008,486176,296,9,9

Mahavšček,Julijske Alpe,2008,499377,253,5,5

Rjavo jezero,Julijske Alpe,2006,443471,441,19,3

Ablanca,Julijske Alpe,2004,514988,209,11,9

Lanževica,Julijske Alpe,2003,491291,282,3,6

Kal,Julijske Alpe,2001,391435,639,1,1

Meja,Julijske Alpe,1996,260040,1141,7,4

Vrh nad Vodeno Rupo,Julijske Alpe,1995,201587,1371,18,1

Zeleno jezero,Julijske Alpe,1988,451393,414,20,3

Bivak na Rušju,Julijske Alpe,1980,443150,444,12,1

Velika Bavha / Monte Robon,Julijske Alpe,1980,313351,934,3,3

Vogel (nad Lepeno),Julijske Alpe,1980,1300,2197,8,2

Draški rob,Julijske Alpe,1979,335489,849,12,2

Bogatin,Julijske Alpe,1977,529283,171,6,4

Lipanski vrh,Julijske Alpe,1974,489168,291,8,3

Pri Banderi,Julijske Alpe,1974,200738,1374,4,1

Vrh Planje,Julijske Alpe,1971,350807,791,8,3

Raskovec,Julijske Alpe,1967,352740,783,10,6

Rodica,Julijske Alpe,1966,586573,68,7,9

Bivak pod Kotovim sedlom,Julijske Alpe,1965,402934,593,7,2

Mrežce,Julijske Alpe,1965,524298,180,9,7

Okroglež,Julijske Alpe,1965,358486,758,8,2

Vrh Ovčje planje,Julijske Alpe,1965,256982,1153,5,1

Debeli vrh nad Lipanco,Julijske Alpe,1962,451931,412,10,5

Lopič / Monte Plauris,Julijske Alpe,1958,280300,1064,0,2

Velika Montura,Julijske Alpe,1958,2410,2073,4,2

Vrh Leh,Julijske Alpe,1958,205007,1358,4,1

Veliki Selišnik,Julijske Alpe,1952,357243,764,10,1

Bivak Gorizia,Julijske Alpe,1950,292027,1019,5,1

Mali Raskovec,Julijske Alpe,1946,208045,1346,10,4

Suha Rodica (Novi vrh),Julijske Alpe,1944,243390,1206,9,4

Veliki Šmohor,Julijske Alpe,1944,390949,641,9,2

Prednje Robičje,Julijske Alpe,1941,333741,859,14,2

Mali Šmohor,Julijske Alpe,1939,326359,886,7,2

Matajurski vrh,Julijske Alpe,1936,348253,803,8,4

Bela glava,Julijske Alpe,1926,306406,961,17,1

Macesnovec,Julijske Alpe,1926,464687,363,1,1

Vrh Škrli,Julijske Alpe,1926,241980,1212,7,2

Mala Ponca,Julijske Alpe,1925,471907,343,6,3

Vogel,Julijske Alpe,1922,583334,77,10,19

Rušnati vrh,Julijske Alpe,1915,236198,1238,8,1

Rdeči rob,Julijske Alpe,1913,376217,694,7,1

Kraljevska špica/Monte Re,Julijske Alpe,1912,360665,752,0,1

Slemenova špica,Julijske Alpe,1911,636404,35,10,6

Speleološki bivak Modonutti - Savoia,Julijske Alpe,1908,218936,1301,3,3

Bivak Bernardinis,Julijske Alpe,1907,223753,1283,1,1

Mangartska koča na Mangartskem sedlu,Julijske Alpe,1906,482643,309,2,3

Mala Rodica,Julijske Alpe,1901,247210,1194,7,1

Kser,Julijske Alpe,1900,285370,1046,8,2

Rušnata glava,Julijske Alpe,1899,339967,831,13,2

Vrtaški vrh,Julijske Alpe,1898,444966,437,6,4

Poljanski vrh,Julijske Alpe,1897,248471,1186,8,4

Vrh Krnic,Julijske Alpe,1896,267687,1114,8,7

Vrh Razora,Julijske Alpe,1893,391704,636,9,3

Studorski preval,Julijske Alpe,1892,437984,462,12,1

Srednji Selišnik,Julijske Alpe,1890,322538,897,11,1

Klečica,Julijske Alpe,1889,197599,1387,6,0

Spodnje Kriško jezero,Julijske Alpe,1880,434895,472,14,1

Šija,Julijske Alpe,1880,494000,273,9,4

Konjski vrh,Julijske Alpe,1879,296896,1003,7,4

Krsteniški Stog,Julijske Alpe,1879,313665,933,12,2

Čisti vrh,Julijske Alpe,1875,378798,686,3,1

Rifugio Corsi,Julijske Alpe,1874,380691,679,7,4

Požgana Mlinarica,Julijske Alpe,1868,351689,789,5,3

Tolminski Migovec,Julijske Alpe,1868,414854,548,8,1

Vrh Planje (nad Globokim),Julijske Alpe,1863,259739,1142,6,4

Skutnik/Torre Guarda,Julijske Alpe,1860,317423,917,2,1

Vrh Dlani,Julijske Alpe,1852,220477,1296,8,1

Bivak Nogara,Julijske Alpe,1850,315307,927,2,1

Rifugio Gilberti,Julijske Alpe,1850,348785,802,4,2

Šober / Monte Sciober Grande,Julijske Alpe,1845,316537,922,2,4

Črna prst,Julijske Alpe,1844,635339,37,6,18

Žabiški Kuk,Julijske Alpe,1844,351830,788,5,6

Četrt,Julijske Alpe,1832,242609,1209,8,4

Jezero v Ledvicah,Julijske Alpe,1831,454136,397,14,2

Kovačičeva glava,Julijske Alpe,1827,223807,1282,17,1

Visoka glava,Julijske Alpe,1822,199789,1379,17,1

Vodnikov dom na Velem polju,Julijske Alpe,1817,558473,115,10,8

Stara koča na Kaninu,Julijske Alpe,1814,300,2470,4,1

Pri treh macesnih,Julijske Alpe,1810,334209,857,15,1

Vrtec,Julijske Alpe,1809,271243,1097,14,1

Jezero v Lužnici,Julijske Alpe,1801,424430,514,6,3

Visoki Orlov rob,Julijske Alpe,1800,276523,1081,8,1

Škraplja,Julijske Alpe,1794,274200,1086,3,1

Plesišče,Julijske Alpe,1790,296510,1005,8,1

Kumlehova glava,Julijske Alpe,1788,373724,704,7,2

Rušni vrh,Julijske Alpe,1786,208040,1347,7,9

Stadorski Orliči,Julijske Alpe,1782,210605,1336,13,1

Rušnata Mlinarica,Julijske Alpe,1777,276988,1079,5,2

Krasji vrh,Julijske Alpe,1773,507250,230,1,3

Rigeljc,Julijske Alpe,1768,210949,1332,12,1

Veliki vrh (Polovnik),Julijske Alpe,1768,363134,743,3,1

Čukla,Julijske Alpe,1767,462445,372,2,1

Svete Višarje / Monte Lussari,Julijske Alpe,1766,601945,56,3,4

Kurji vrh,Julijske Alpe,1762,432291,485,4,2

Pršivec,Julijske Alpe,1761,545485,134,10,7

Glave,Julijske Alpe,1760,241176,1216,6,2

Luknja,Julijske Alpe,1758,461063,378,9,2

Sovna glava,Julijske Alpe,1750,388422,648,11,5

Zavitar,Julijske Alpe,1750,334936,854,8,2

Visoka peč,Julijske Alpe,1749,6130,1999,1,4

Ciprnik,Julijske Alpe,1745,552122,123,2,4

Vršič vrh,Julijske Alpe,1737,549386,129,13,4

Skutnik /Monte Guarda,Julijske Alpe,1721,381952,677,1,1

Planina Jezerce,Julijske Alpe,1720,415801,547,11,2

Planina Zgornja Krma,Julijske Alpe,1720,453150,406,13,1

Veliki Karman / Monte Chiampon,Julijske Alpe,1713,256630,1154,2,3

Rutarski Vršič,Julijske Alpe,1699,334891,856,4,2

Gradovec,Julijske Alpe,1692,1220,2209,7,4

Poštarski dom na Vršiču,Julijske Alpe,1688,452048,410,14,6

Koča pri Triglavskih jezerih,Julijske Alpe,1685,697719,11,10,8

Orlove glave,Julijske Alpe,1682,417985,534,7,1

Velo polje,Julijske Alpe,1680,453282,404,10,6

Stol (Julijske Alpe),Julijske Alpe,1673,542807,137,1,4

Planina Krstenica,Julijske Alpe,1670,508545,226,11,3

Jehlc (Špičasta kupa),Julijske Alpe,1662,243581,1205,4,2

Planina Ovčarija,Julijske Alpe,1660,436698,467,15,3

Rifugio di Brazza,Julijske Alpe,1660,374542,700,2,1

Zavetišče pod Ponco,Julijske Alpe,1657,316795,920,9,1

Florjanka / Monte Florianca,Julijske Alpe,1653,1470,2160,2,2

Svinjak,Julijske Alpe,1653,530049,169,0,1

Planina pod Mišelj vrhom,Julijske Alpe,1645,384541,665,12,6

Matajur,Julijske Alpe,1642,581994,81,3,13

Blejska koča na Lipanci,Julijske Alpe,1630,595095,62,7,5

Gabrovec,Julijske Alpe,1630,300382,983,4,1

Planina Viševnik,Julijske Alpe,1625,501762,247,10,4

Vošni vrh,Julijske Alpe,1621,178988,1460,2,1

Tičarjev dom na Vršiču,Julijske Alpe,1618,465171,361,13,3

Breški Jalovec / Punta di Montemaggiore,Julijske Alpe,1613,364993,737,3,2

Muzec (Musc),Julijske Alpe,1612,341526,824,4,1

Slatnik (severozahodni vrh),Julijske Alpe,1609,451860,413,11,4

Možic,Julijske Alpe,1602,515475,206,10,7

Planina za Migovcem,Julijske Alpe,1600,230663,1255,5,3

Nemške glave,Julijske Alpe,1597,299983,987,2,1

Slatnik (jugovzhodni vrh),Julijske Alpe,1597,2574,2067,11,4

Jerebikovec,Julijske Alpe,1593,495212,266,1,2

Bivak Stuparich,Julijske Alpe,1587,237259,1234,4,1

Šavnik,Julijske Alpe,1574,433385,480,10,6

Grušnica,Julijske Alpe,1570,1990,2112,3,5

Višarska planina / Malga di Lussari,Julijske Alpe,1570,323438,894,3,2

Visoki Mavrinc,Julijske Alpe,1562,439894,456,7,2

Planina Dedno Polje,Julijske Alpe,1560,454070,398,14,3

Planina v Lazu,Julijske Alpe,1560,447157,429,13,2

Planina Lopučnica,Julijske Alpe,1558,248038,1189,5,6

Javoršček,Julijske Alpe,1557,385708,658,3,2

Planina Klek,Julijske Alpe,1556,413566,554,1,2

Mojčin dom na Vitrancu,Julijske Alpe,1555,498920,254,3,5

Planja (nad Mangartsko planino),Julijske Alpe,1553,300,2468,1,1

Bivak pod Muzcem,Julijske Alpe,1550,317413,918,4,1

Lajnar,Julijske Alpe,1549,475585,333,10,4

Planina v Plazeh,Julijske Alpe,1548,241782,1213,2,2

Dravh,Julijske Alpe,1547,422987,522,9,3

Dom na Matajure,Julijske Alpe,1545,358718,757,2,2

Požar,Julijske Alpe,1543,206501,1353,3,2

Kravja Črna gora,Julijske Alpe,1541,304142,967,6,1

Visoka glava (na Matajurju),Julijske Alpe,1540,420,2404,3,1

Mesnovec,Julijske Alpe,1538,270729,1099,2,1

Planinska koča Merjasec,Julijske Alpe,1535,431286,490,3,3

Planina na Polju,Julijske Alpe,1530,374086,701,11,1

Viška planina,Julijske Alpe,1530,285912,1042,7,1

Lovska koča na Glinu,Julijske Alpe,1527,160948,1529,9,5

Erjavčeva koča na Vršiču,Julijske Alpe,1525,472698,338,16,2

Dom na Komni,Julijske Alpe,1520,622456,47,2,8

Rifugio Cinque Punte,Julijske Alpe,1520,242649,1208,1,1

Krevl,Julijske Alpe,1515,302331,976,7,8

Planina Ravna,Julijske Alpe,1515,181580,1449,2,1

Koča pod Bogatinom,Julijske Alpe,1513,500499,250,2,3

Planina Za skalo,Julijske Alpe,1510,354280,778,0,1

Lovska koča Na Utrci,Julijske Alpe,1500,234103,1244,12,1

Rifugio Pellarini,Julijske Alpe,1499,272977,1094,3,1

Kobla,Julijske Alpe,1498,461236,377,6,4

Lengarjeva glava,Julijske Alpe,1498,166457,1509,6,1

Planina na Kalu,Julijske Alpe,1490,275220,1084,3,6

Nizki vrh ,Julijske Alpe,1488,212564,1330,4,1

Planina Vodični vrh,Julijske Alpe,1486,303401,971,6,1

Črni vrh / Colrotondo,Julijske Alpe,1486,520,2365,3,2

Javorov vrh (Pokljuka),Julijske Alpe,1482,434283,475,3,1

Bivak pod Luknjo,Julijske Alpe,1480,464030,366,9,1

Planina Govnjač,Julijske Alpe,1480,365881,732,8,1

Kobilja glava,Julijske Alpe,1475,423075,521,4,2

Planina Poljana,Julijske Alpe,1466,222400,1288,9,4

Vrtaška planina,Julijske Alpe,1462,417630,537,5,2

Koča na Planini pri Jezeru,Julijske Alpe,1453,563926,108,6,5

Jalovnik,Julijske Alpe,1452,268157,1110,4,2

Planina Sleme,Julijske Alpe,1448,361386,749,7,2

Planina Konjščica,Julijske Alpe,1438,515986,205,8,5

Rifugio Brunner,Julijske Alpe,1432,240,2504,2,1

Bivak pod Špikom,Julijske Alpe,1424,448556,426,11,2

Planina Zadnji Vogel,Julijske Alpe,1413,383212,671,8,2

Planina Gorjuda,Julijske Alpe,1404,194681,1399,2,1

Planina Osredki,Julijske Alpe,1400,262790,1131,6,2

Planina nad Sočo,Julijske Alpe,1400,273012,1093,4,1

Krnsko jezero,Julijske Alpe,1391,629459,38,6,2

Rifugio Grego,Julijske Alpe,1389,282512,1058,1,1

Dom pri Krnskih jezerih,Julijske Alpe,1385,531611,162,7,2

Planina Suha,Julijske Alpe,1385,394405,625,7,5

Rifugio Zacchi,Julijske Alpe,1380,366920,729,8,1

Tonkina koča na Vršiču,Julijske Alpe,1380,9669,1985,13,1

Planica pod Krnom,Julijske Alpe,1376,222941,1286,3,2

Lipenšči hrib,Julijske Alpe,1375,220484,1295,1,1

Mali Karman / Monte Cuarnan,Julijske Alpe,1372,198257,1385,2,1

Javor (nad Tolminskimi Ravnami),Julijske Alpe,1363,1090,2227,3,3

Mrzli vrh nad planino Pretovč,Julijske Alpe,1359,407398,579,3,3

Planina Strehica,Julijske Alpe,1359,157106,1546,2,1

Mrzli vrh (na Matajurju),Julijske Alpe,1358,442391,447,3,2

Črna gora,Julijske Alpe,1350,398464,608,5,1

Bivak Za Akom,Julijske Alpe,1340,396436,611,9,1

Planina Za Črno goro,Julijske Alpe,1340,316981,919,6,6

Orožnova koča na planini za Liscem,Julijske Alpe,1338,507735,229,5,4

Planina Goričica,Julijske Alpe,1336,368510,721,2,1

Frčkova planina,Julijske Alpe,1335,186873,1427,2,1

Planina za Šavnikom,Julijske Alpe,1320,321960,901,8,1

Srednji vrh (na Matajurju),Julijske Alpe,1320,260,2486,3,1

Koča na planini Razor,Julijske Alpe,1315,550812,125,6,5

Kota 1313,Julijske Alpe,1313,382788,674,1,1

Koča na Soriški planini,Julijske Alpe,1306,497408,259,10,4

Planina Dobrenjščica,Julijske Alpe,1304,280988,1062,8,1

Lovska koča Bala,Julijske Alpe,1300,218882,1302,2,1

Mangartska planina,Julijske Alpe,1295,2140,2098,2,1

Črno jezero,Julijske Alpe,1294,530481,167,10,3

Planina Zajavornik,Julijske Alpe,1292,441091,454,1,1

Planina Zajamniki,Julijske Alpe,1280,534777,155,1,3

Vrh Bače,Julijske Alpe,1273,382014,676,11,3

Galetovec,Julijske Alpe,1265,490847,285,4,9

Zgornji Goreljek (Pokljuka),Julijske Alpe,1260,1910,2121,3,1

Planina Krnica,Julijske Alpe,1252,394256,626,2,1

Idrska planina,Julijske Alpe,1250,274527,1085,3,2

Planina Zgornja Grintovica,Julijske Alpe,1250,371359,713,6,2

Turn (nad Bohinjsko Belo),Julijske Alpe,1249,1120,2222,5,4

Planina Zagreben,Julijske Alpe,1240,461,2386,2,1

Belska planina,Julijske Alpe,1237,1380,2180,3,3

Izvir Nadiže,Julijske Alpe,1232,1210,2212,7,1

Planina Leskovca,Julijske Alpe,1230,361308,750,7,1

Koča na Gozdu,Julijske Alpe,1226,460096,379,13,1

Bivak Hlek,Julijske Alpe,1225,307382,959,0,2

Spodnji Goreljek (Pokljuka),Julijske Alpe,1222,1330,2189,1,1

Italijanska vojaška kapela na Planici,Julijske Alpe,1220,260295,1140,2,2

Svinska planina,Julijske Alpe,1214,302564,975,5,1

Škrbina (Mežakla),Julijske Alpe,1210,333202,862,1,2

Planina Zaprikraj,Julijske Alpe,1208,384856,663,0,1

Lovčev bivak Pri Koucah,Julijske Alpe,1192,216531,1312,11,1

Police,Julijske Alpe,1184,1227,2207,2,1

Planina Bala,Julijske Alpe,1181,248008,1190,4,1

Planina Spodnja Grintovica,Julijske Alpe,1175,356528,768,6,2

Planina Ilovec,Julijske Alpe,1170,430,2400,4,1

Bivak na Črniku,Julijske Alpe,1160,253544,1168,5,1

Planina Pretovč,Julijske Alpe,1160,249931,1184,5,2

Koča na Uskovnici,Julijske Alpe,1154,552611,120,0,7

Zgornji Martuljkov slap,Julijske Alpe,1150,401013,599,9,2

Planina Blato,Julijske Alpe,1147,510580,220,5,1

Planina Medrja,Julijske Alpe,1133,212606,1329,7,1

Ruska kapelica,Julijske Alpe,1130,343857,818,10,1

Snežna jama na Mežakli,Julijske Alpe,1130,311657,940,4,1

Bedančev dom,Julijske Alpe,1116,6550,1995,2,1

Koča v Krnici,Julijske Alpe,1113,526554,178,4,3

Dom v Tamarju,Julijske Alpe,1108,542592,138,10,3

Hotunjski vrh,Julijske Alpe,1107,3240,2041,2,4

Planina Lom,Julijske Alpe,1090,265932,1118,3,1

Mihov dom na Vršiču,Julijske Alpe,1085,399171,604,7,1

Kobala,Julijske Alpe,1080,239558,1224,4,1

Malga Cuarnan,Julijske Alpe,1070,180,2548,2,1

Planina v Prodih,Julijske Alpe,1070,410,2411,4,1

Kosijev dom na Vogarju,Julijske Alpe,1054,489507,289,3,1

Koča na planini Stador,Julijske Alpe,1050,308564,954,5,0

Partizanska bolnišnica na Mežakli,Julijske Alpe,1050,185086,1436,0,1

Kup,Julijske Alpe,1046,264303,1125,7,1

Planina Obranica,Julijske Alpe,1035,262362,1132,8,3

Planinsko zavetišče Slatna,Julijske Alpe,1023,83,2612,1,1

Vodnikov razglednik,Julijske Alpe,1017,5620,2000,0,2

Aljažev dom v Vratih,Julijske Alpe,1015,519319,194,2,1

Jezerska planina / Alpe del Lago,Julijske Alpe,1006,350,2443,5,1

Planina za Jamo,Julijske Alpe,1005,228862,1262,3,1

Koča na planini Kuhinja,Julijske Alpe,1002,319245,914,3,1

Studor,Julijske Alpe,1002,5110,2007,2,1

Klatnica ,Julijske Alpe,1000,214185,1322,6,1

Planina Laška seč,Julijske Alpe,1000,234131,1243,7,1

Izvir Soče,Julijske Alpe,990,480591,315,2,1

Sveta Marjeta pod Stolom,Julijske Alpe,973,250446,1180,4,1

Ožarjeni kamen,Julijske Alpe,960,1370,2181,2,1

Planina Ravne,Julijske Alpe,956,1318,2194,2,1

Slap Suha,Julijske Alpe,950,289091,1028,4,1

Rudnica,Julijske Alpe,946,437892,463,2,3

Boršt,Julijske Alpe,931,2614,2063,8,3

Ingotova koča na planini Jesenje,Julijske Alpe,930,415877,544,5,2

Slap Zaročenca,Julijske Alpe,930,307065,960,0,0

Zgornje Mangartsko jezero,Julijske Alpe,929,368472,722,4,3

Spodnje Mangartsko jezero,Julijske Alpe,924,2652,2061,4,3

Planina Rčitno,Julijske Alpe,900,267991,1112,3,2

Kres nad Kočno,Julijske Alpe,890,1634,2146,9,1

Planina Blatce,Julijske Alpe,888,531,2356,2,1

Kovinarska koča v Krmi,Julijske Alpe,870,357927,760,5,3

Izvir Boke,Julijske Alpe,850,269851,1104,3,1

Slap Peričnik - zgornji slap,Julijske Alpe,850,385264,660,6,1

Spodnji Martuljkov slap,Julijske Alpe,850,317463,915,6,1

Vrše,Julijske Alpe,850,1947,2116,9,2

Zelenci,Julijske Alpe,845,487332,293,2,3

Grančišče,Julijske Alpe,844,281200,1061,1,4

Logje,Julijske Alpe,840,329026,875,2,1

Hom pri Bledu,Julijske Alpe,834,4926,2010,4,3

Jezero Jasna,Julijske Alpe,830,3540,2032,3,1

Pokljuška soteska (luknja),Julijske Alpe,830,305256,963,3,1

Poljanska baba,Julijske Alpe,830,223342,1284,9,1

Brezje / Montemaggiore,Julijske Alpe,819,144002,1596,2,1

Sv. Peter in Pavel (Perati),Julijske Alpe,812,170,2551,0,1

Humčič,Julijske Alpe,810,225026,1278,3,2

Žerjavec (Kavče),Julijske Alpe,805,1363,2182,9,2

Koča na Petrovem Brdu,Julijske Alpe,804,363384,742,3,1

Planina Črča,Julijske Alpe,800,195697,1394,7,1

Slap Peričnik - spodnji slap,Julijske Alpe,800,365418,735,6,3

Slap Savica,Julijske Alpe,794,393652,629,7,1

Počitniški dom v Možnici,Julijske Alpe,793,322698,896,2,1

Slap Mostnice,Julijske Alpe,773,2090,2103,5,1

Korita Mlinarice,Julijske Alpe,770,412704,559,2,1

Rio Bianco / Beli potok,Julijske Alpe,770,159678,1536,3,0

Sveti Lenart (Bača pri Podbrdu),Julijske Alpe,751,181546,1450,4,1

Koča pri Peričniku,Julijske Alpe,750,285829,1043,6,2

Slap Slatenik,Julijske Alpe,750,273729,1090,4,1

Okrepčevalnica Slap Voje,Julijske Alpe,745,1350,2185,3,1

Gogalova lipa,Julijske Alpe,725,1778,2133,2,2

Mladinski izobraževalni center v Bavšici,Julijske Alpe,725,219006,1300,5,1

Belopotoški slap,Julijske Alpe,720,371319,714,3,1

Jamnikov spodmol,Julijske Alpe,720,920,2255,9,1

Jezero Kreda,Julijske Alpe,715,6183,1998,3,2

Dolina Škratov,Julijske Alpe,700,340176,830,4,1

Slap Parabola,Julijske Alpe,700,396259,612,1,1

Izvir Tolminke,Julijske Alpe,695,408120,574,2,1

Mala Osojnica,Julijske Alpe,691,469978,351,3,2

Koča na Vojah,Julijske Alpe,690,400396,601,3,1

Gorejca,Julijske Alpe,680,322189,899,2,1

Slap Boka,Julijske Alpe,680,498147,255,3,2

Jezero Kreda v dolini Radovne,Julijske Alpe,674,200,2536,1,1

Izvir Bele,Julijske Alpe,665,224629,1279,4,1

Izvir Lipnika,Julijske Alpe,660,220,2530,2,1

Spominsko obeležje Aleš Kunaver,Julijske Alpe,660,2106,2099,10,1

Jezerce v dolini Radovne,Julijske Alpe,657,260,2488,3,1

Koča pri Savici,Julijske Alpe,653,3980,2023,6,3

Peč (razgledišče),Julijske Alpe,650,4590,2013,2,1

Straža ,Julijske Alpe,646,340946,828,3,1

Marija Snežna v Breginjskem kotu,Julijske Alpe,645,172786,1484,3,1

Sveta Katarina na Homu,Julijske Alpe,634,3691,2026,2,2

Poglejska cerkev,Julijske Alpe,630,242750,1207,0,1

Dobra gora,Julijske Alpe,620,292662,1016,3,1

Izvir Bistrice,Julijske Alpe,610,293128,1014,0,1

Blejski grad,Julijske Alpe,599,5576,2001,2,1

Ribenska gora,Julijske Alpe,588,179633,1458,0,1

Ajdovski gradec,Julijske Alpe,580,3080,2048,0,2

Korita Možnice (Nemčlje),Julijske Alpe,580,314194,929,1,1

Javorca,Julijske Alpe,571,471697,344,4,1

Iglica,Julijske Alpe,550,256568,1156,4,1

Jama Srnica,Julijske Alpe,550,252311,1173,3,1

Sveti Janez Krstnik (Ribčev Laz),Julijske Alpe,532,1680,2143,1,1

Slap Šum v Blejskem Vintgarju,Julijske Alpe,520,5160,2006,6,1

Tonovcov grad pri Kobaridu,Julijske Alpe,500,403987,589,2,1

Žičnica čez Tolminko,Julijske Alpe,500,255169,1162,3,1

Gradišče (Bodešče),Julijske Alpe,499,218003,1306,3,2

Sveti Lenart (Bodešče),Julijske Alpe,485,192599,1404,3,2

Velika korita Soče,Julijske Alpe,480,401649,596,2,1

Slap Beri,Julijske Alpe,454,227947,1269,2,1

Izvir Glijuna,Julijske Alpe,450,291647,1020,3,1

Mala Boka,Julijske Alpe,440,213454,1325,3,1

Kozlov rob,Julijske Alpe,426,367048,726,1,2

Slap Sopota (Soupat),Julijske Alpe,400,339311,834,0,1

Slap Virje,Julijske Alpe,400,409392,569,3,1

Gregorčičev slap,Julijske Alpe,390,1040,2236,0,1

Korita Soče pri Kršovcu,Julijske Alpe,390,320308,911,0,1

Veliki slap Kozjak,Julijske Alpe,250,433661,477,2,1

Mali slap Kozjak,Julijske Alpe,230,294405,1011,2,1

Tolminska korita,Julijske Alpe,180,424031,516,1,0

Grintovec,Kamniško Savinjske Alpe,2558,820450,2,14,14

Jezerska Kočna,Kamniško Savinjske Alpe,2540,618770,50,8,14

Skuta,Kamniško Savinjske Alpe,2532,694659,13,17,9

Kokrska Kočna,Kamniško Savinjske Alpe,2520,536202,150,7,8

Na Križu (Kokrska Kočna),Kamniško Savinjske Alpe,2484,9830,1983,7,1

Dolgi hrbet,Kamniško Savinjske Alpe,2473,528509,173,17,6

Štruca,Kamniško Savinjske Alpe,2457,508574,225,17,7

Kranjska Rinka,Kamniško Savinjske Alpe,2453,531204,165,17,7

Koroška Rinka (Križ),Kamniško Savinjske Alpe,2433,563338,109,16,7

Planjava,Kamniško Savinjske Alpe,2392,628012,41,7,12

Štajerska Rinka,Kamniško Savinjske Alpe,2374,484047,304,16,5

Ojstrica,Kamniško Savinjske Alpe,2350,717524,9,10,17

Mala Rinka,Kamniško Savinjske Alpe,2289,469095,352,18,2

Brana,Kamniško Savinjske Alpe,2253,656650,27,7,4

Turska gora,Kamniško Savinjske Alpe,2251,594287,63,15,5

Lučka Brana (Baba),Kamniško Savinjske Alpe,2244,452577,409,8,1

Kalški greben,Kamniško Savinjske Alpe,2224,579176,83,3,13

Mrzla gora,Kamniško Savinjske Alpe,2203,584867,75,12,8

Storžič,Kamniško Savinjske Alpe,2132,781018,4,8,30

Najvišji rob (Zeleniške špice),Kamniško Savinjske Alpe,2127,493060,277,9,2

Velika (Koroška) Baba,Kamniško Savinjske Alpe,2127,579068,84,14,8

Velika Zelenica,Kamniško Savinjske Alpe,2114,531627,161,11,4

Storžek,Kamniško Savinjske Alpe,2110,493594,274,13,5

Veliki vrh (Veža),Kamniško Savinjske Alpe,2110,510048,222,12,4

Ledinski vrh,Kamniško Savinjske Alpe,2108,559539,113,14,5

Bivak pod Grintovcem,Kamniško Savinjske Alpe,2100,527200,177,11,3

Kogel,Kamniško Savinjske Alpe,2100,476568,329,14,1

Krofička,Kamniško Savinjske Alpe,2083,565398,105,7,5

Bivak pod Skuto,Kamniško Savinjske Alpe,2070,507153,231,16,1

Velika Raduha,Kamniško Savinjske Alpe,2062,694536,14,5,11

Kalška gora,Kamniško Savinjske Alpe,2047,547950,132,4,11

Mala Raduha,Kamniško Savinjske Alpe,2029,425774,509,7,1

Molička peč,Kamniško Savinjske Alpe,2029,494242,272,10,3

Lučki Dedec,Kamniško Savinjske Alpe,2023,528885,172,13,6

Mala Ojstrica,Kamniško Savinjske Alpe,2017,512960,214,14,2

Vrh Korena,Kamniško Savinjske Alpe,1999,534752,154,7,9

Kompotela,Kamniško Savinjske Alpe,1989,536352,149,7,3

Tolsti vrh (Veža),Kamniško Savinjske Alpe,1985,441904,450,15,4

Bivak pod Mrzlim vrhom,Kamniško Savinjske Alpe,1980,365437,734,14,4

Vršiči,Kamniško Savinjske Alpe,1980,328483,878,11,1

Košutna,Kamniško Savinjske Alpe,1974,493286,276,8,3

Veliki Zvoh,Kamniško Savinjske Alpe,1971,529507,170,10,5

Deska (Veža),Kamniško Savinjske Alpe,1970,408216,573,14,4

Dleskovec,Kamniško Savinjske Alpe,1965,431321,489,11,1

Vežica,Kamniško Savinjske Alpe,1965,308891,952,8,1

Matkova kopa,Kamniško Savinjske Alpe,1957,385713,657,2,1

Bivak v Kočni,Kamniško Savinjske Alpe,1952,341076,826,6,1

Lanež,Kamniško Savinjske Alpe,1925,406707,582,7,7

Jamarski bivak na Dleskovški planoti,Kamniško Savinjske Alpe,1910,3470,2035,13,3

Križevnik,Kamniško Savinjske Alpe,1909,453378,403,4,1

Rjavčki vrh (Planinšca),Kamniško Savinjske Alpe,1898,335046,852,9,2

Kamniška koča na Kamniškem sedlu,Kamniško Savinjske Alpe,1864,727958,6,7,4

Krvavec,Kamniško Savinjske Alpe,1853,555940,117,11,4

Mokrica,Kamniško Savinjske Alpe,1853,456283,391,6,4

Srednji vrh,Kamniško Savinjske Alpe,1853,503664,241,9,7

Vodotočno jezero (Veža),Kamniško Savinjske Alpe,1850,463868,367,12,4

Lastovec,Kamniško Savinjske Alpe,1841,307698,957,6,1

Planina Dolga trata,Kamniško Savinjske Alpe,1835,299788,988,6,1

Rzenik,Kamniško Savinjske Alpe,1833,457822,386,7,3

Cjanovca,Kamniško Savinjske Alpe,1820,472934,337,7,7

Mali Grintovec,Kamniško Savinjske Alpe,1813,504613,238,9,24

Jelovec,Kamniško Savinjske Alpe,1808,354029,779,7,2

Kocbekov dom na Korošici,Kamniško Savinjske Alpe,1808,592866,64,14,13

Konj,Kamniško Savinjske Alpe,1803,571485,90,8,4

Vratca,Kamniško Savinjske Alpe,1802,456418,390,9,5

Cojzova koča na Kokrskem sedlu,Kamniško Savinjske Alpe,1793,608150,53,6,4

Goli vrh,Kamniško Savinjske Alpe,1787,518066,200,1,3

Kapelica na Molički planini,Kamniško Savinjske Alpe,1780,496349,261,12,7

Planina Košutna,Kamniško Savinjske Alpe,1778,453916,400,10,3

Strelovec,Kamniško Savinjske Alpe,1763,507872,228,5,4

Bašeljski vrh,Kamniško Savinjske Alpe,1744,494797,269,8,15

Veliki vrh,Kamniško Savinjske Alpe,1742,464625,364,4,1

Licjanovec,Kamniško Savinjske Alpe,1733,2600,2065,10,1

Tolsti vrh,Kamniško Savinjske Alpe,1715,582516,79,4,18

Kranjska koča na Ledinah,Kamniško Savinjske Alpe,1700,577764,85,17,4

Planina Polšak,Kamniško Savinjske Alpe,1695,301652,980,5,1

Planina Dolga njiva (Krvavec),Kamniško Savinjske Alpe,1688,411754,561,8,4

Dom na Krvavcu,Kamniško Savinjske Alpe,1684,488401,292,8,4

Komen,Kamniško Savinjske Alpe,1684,483505,306,3,6

Planina Koren,Kamniško Savinjske Alpe,1675,432316,484,12,4

Gradišče (Velika planina),Kamniško Savinjske Alpe,1666,687291,15,8,12

Kržišče (Pokovše),Kamniško Savinjske Alpe,1658,1760,2136,10,2

Planina Rzenik,Kamniško Savinjske Alpe,1654,401570,597,5,2

Koritni vrh (Velika planina),Kamniško Savinjske Alpe,1648,425914,507,5,2

Veliki Travnik,Kamniško Savinjske Alpe,1637,413051,558,4,6

Šentanski vrh,Kamniško Savinjske Alpe,1635,414605,550,6,15

Dobrča,Kamniško Savinjske Alpe,1634,618953,49,6,19

Kozji vrh,Kamniško Savinjske Alpe,1628,407048,581,1,1

Krnes,Kamniško Savinjske Alpe,1613,368588,718,1,2

Gostišče Zeleni Rob,Kamniško Savinjske Alpe,1612,472060,341,7,1

Hotel Krvavec,Kamniško Savinjske Alpe,1600,4584,2014,8,4

Planina Dolga njiva,Kamniško Savinjske Alpe,1600,470782,346,9,4

Planina Javorje,Kamniško Savinjske Alpe,1594,245426,1200,6,2

Vrata,Kamniško Savinjske Alpe,1591,362788,744,4,1

Boskovec,Kamniško Savinjske Alpe,1587,447768,428,3,5

Kamniški Dedec,Kamniško Savinjske Alpe,1583,495183,267,5,2

Smrekovec,Kamniško Savinjske Alpe,1577,568405,97,1,9

Medvedjak,Kamniško Savinjske Alpe,1573,373485,706,4,1

Planina Vodole,Kamniško Savinjske Alpe,1570,282696,1055,10,1

Poljanski rob,Kamniško Savinjske Alpe,1569,264159,1126,8,3

Planina Arta,Kamniško Savinjske Alpe,1564,358203,759,4,1

Planina Podvežak,Kamniško Savinjske Alpe,1564,407549,577,6,2

Kapela Marije Snežne (Velika planina),Kamniško Savinjske Alpe,1560,506949,232,8,8

Veliki Rogatec (Veliki Rogac),Kamniško Savinjske Alpe,1557,502794,245,5,8

Koča na Travniku,Kamniško Savinjske Alpe,1548,463769,368,5,6

Češka koča na Spodnjih Ravneh,Kamniško Savinjske Alpe,1542,669101,23,12,5

Veliki vrh nad Matkovim kotom,Kamniško Savinjske Alpe,1539,5095,2008,2,1

Logarska peč,Kamniško Savinjske Alpe,1536,293124,1015,5,3

Dom na Kališču,Kamniško Savinjske Alpe,1534,573814,88,10,19

Domžalski dom na Mali planini,Kamniško Savinjske Alpe,1534,585706,71,8,7

Koča na Loki pod Raduho,Kamniško Savinjske Alpe,1534,486203,295,7,6

Mali Travnik,Kamniško Savinjske Alpe,1532,206929,1352,4,1

Koča na Treh plotih,Kamniško Savinjske Alpe,1530,359947,754,4,1

Črnuški dom na Mali planini,Kamniško Savinjske Alpe,1526,531220,164,7,7

Icmanikova planina,Kamniško Savinjske Alpe,1520,278050,1071,5,3

Jarški dom na Mali planini,Kamniško Savinjske Alpe,1520,477738,325,7,5

Knezova planina,Kamniško Savinjske Alpe,1520,253350,1169,5,1

Vivodnik,Kamniško Savinjske Alpe,1508,458535,384,2,12

Planina Konjščica (Velika planina),Kamniško Savinjske Alpe,1505,491060,284,7,2

Planina Mali Travnik,Kamniško Savinjske Alpe,1500,222987,1285,4,2

Planina Ravne,Kamniško Savinjske Alpe,1500,298515,995,3,1

Špic,Kamniško Savinjske Alpe,1499,264512,1124,2,1

Jenkova planina,Kamniško Savinjske Alpe,1495,384586,664,2,1

Dom na Gospincu,Kamniško Savinjske Alpe,1491,429393,497,6,8

Kriška planina,Kamniško Savinjske Alpe,1480,479778,317,9,5

Grebenc,Kamniško Savinjske Alpe,1479,255234,1161,5,3

Koča na Dobrči,Kamniško Savinjske Alpe,1478,561388,111,4,14

Koča na Kriški gori,Kamniško Savinjske Alpe,1471,645111,33,3,11

Javorca (Golte),Kamniško Savinjske Alpe,1465,328352,879,5,1

Koča na Grohatu,Kamniško Savinjske Alpe,1460,478954,321,6,2

Visoki vrh nad Jezerskim,Kamniško Savinjske Alpe,1459,353163,782,6,2

Dom na Menini planini,Kamniško Savinjske Alpe,1453,607696,54,2,13

Lešanska planina,Kamniško Savinjske Alpe,1450,422202,524,7,6

Planina Kališče,Kamniško Savinjske Alpe,1450,455630,393,10,8

Račka vrata,Kamniško Savinjske Alpe,1450,263217,1130,0,1

Kranjska reber,Kamniško Savinjske Alpe,1435,459397,382,1,6

Javorov vrh,Kamniško Savinjske Alpe,1434,474463,335,5,7

Turni (pri Kozjem vrhu),Kamniško Savinjske Alpe,1432,850,2273,2,1

Pri Pastirjih,Kamniško Savinjske Alpe,1430,361190,751,5,1

Goli vrh (Šavnice),Kamniško Savinjske Alpe,1426,310909,944,1,2

Lepenatka,Kamniško Savinjske Alpe,1425,514150,211,5,10

Čisovec,Kamniško Savinjske Alpe,1419,1880,2124,3,3

Hotel Golte,Kamniško Savinjske Alpe,1410,430925,492,5,2

Planina Jezerca,Kamniško Savinjske Alpe,1410,7470,1990,8,4

Velika Poljana,Kamniško Savinjske Alpe,1410,466060,359,5,11

Javornik nad Jezerskim,Kamniško Savinjske Alpe,1399,322209,898,3,1

Dom na Okrešlju,Kamniško Savinjske Alpe,1396,571050,91,11,2

Krničarjeva koča na planini Javornik,Kamniško Savinjske Alpe,1390,417056,541,7,4

Praprotnikova koča,Kamniško Savinjske Alpe,1380,337365,842,8,2

Dom na Smrekovcu,Kamniško Savinjske Alpe,1375,520293,191,1,11

Mozirska koča na Golteh,Kamniško Savinjske Alpe,1356,500422,251,5,4

Knezova planina (Planina Bela peč),Kamniško Savinjske Alpe,1350,166167,1510,2,2

Slap Čedca,Kamniško Savinjske Alpe,1350,461811,374,8,1

Kunšperski vrh (Brezovec),Kamniško Savinjske Alpe,1336,810,2288,4,2

Povšnarjeva planina,Kamniško Savinjske Alpe,1330,1010,2238,3,1

Zavetišče v Hudičevem borštu,Kamniško Savinjske Alpe,1328,511689,217,7,5

Izletniška kmetija Bukovc (Bukovnik),Kamniško Savinjske Alpe,1327,200,2537,1,2

Bezovec,Kamniško Savinjske Alpe,1326,171356,1490,3,1

Mala Poljana,Kamniško Savinjske Alpe,1325,437764,464,5,6

Planina Vodol,Kamniško Savinjske Alpe,1324,160309,1533,4,1

Ovča koča,Kamniško Savinjske Alpe,1323,1580,2152,3,1

Plesnikova planina,Kamniško Savinjske Alpe,1319,1970,2114,7,1

Kašna planina,Kamniško Savinjske Alpe,1317,427264,502,1,3

Planina Dol,Kamniško Savinjske Alpe,1308,392505,634,7,2

Lovska koča Črnevka,Kamniško Savinjske Alpe,1300,120954,1684,0,1

Zavetišče na Biba planini,Kamniško Savinjske Alpe,1300,392664,632,1,3

Murijeva planina,Kamniško Savinjske Alpe,1289,1600,2150,2,1

Bivak na Kalu,Kamniško Savinjske Alpe,1285,335385,850,5,7

Potoška gora,Kamniško Savinjske Alpe,1283,465396,360,9,2

Skubrov vrh,Kamniško Savinjske Alpe,1276,165210,1514,3,1

Dom na Kisovcu,Kamniško Savinjske Alpe,1275,490612,286,5,4

Kamniški vrh,Kamniško Savinjske Alpe,1259,570436,95,3,11

Planjava pri Kamniškem vrhu,Kamniško Savinjske Alpe,1243,241581,1214,3,4

Turni,Kamniško Savinjske Alpe,1240,184323,1438,3,1

Mali Rogatec (Mali Rogac),Kamniško Savinjske Alpe,1228,1260,2202,4,2

Partizanska bolnica Mrzle vode,Kamniško Savinjske Alpe,1226,233347,1246,5,1

Planina Marjanine njive,Kamniško Savinjske Alpe,1220,7332,1992,5,1

Koča na Klemenči jami,Kamniško Savinjske Alpe,1208,491828,280,4,2

Ojstri vrh (nad Prevalo),Kamniško Savinjske Alpe,1197,1340,2186,2,2

Kopa (Belska Kopa),Kamniško Savinjske Alpe,1180,251278,1176,6,1

Planina Travnik,Kamniško Savinjske Alpe,1180,254475,1164,2,5

Počka (Robnikova) planina,Kamniško Savinjske Alpe,1165,226737,1271,5,1

Prevala,Kamniško Savinjske Alpe,1163,371472,712,3,3

Škrbina (Slaparjeva gora),Kamniško Savinjske Alpe,1142,610,2335,3,1

Pleče,Kamniško Savinjske Alpe,1131,77,2614,5,4

Dom pod Storžičem,Kamniško Savinjske Alpe,1123,514064,212,6,3

Smokuški vrh,Kamniško Savinjske Alpe,1122,442285,448,3,6

Baba,Kamniško Savinjske Alpe,1119,383656,668,7,2

Breška planina,Kamniško Savinjske Alpe,1100,252174,1174,7,3

Mihčeva kopišča,Kamniško Savinjske Alpe,1100,1918,2119,10,1

Planina Osredek,Kamniško Savinjske Alpe,1100,406417,583,6,4

Mešenik,Kamniško Savinjske Alpe,1099,151730,1565,4,0

Ambrož pod Krvavcem,Kamniško Savinjske Alpe,1085,7480,1991,2,7

Tolsti vrh (Dobrovlje),Kamniško Savinjske Alpe,1077,309721,947,1,5

Planina Ravni,Kamniško Savinjske Alpe,1075,186291,1431,3,4

Bistriška planina,Kamniško Savinjske Alpe,1057,440180,455,5,4

Sveti Križ nad Belimi Vodami,Kamniško Savinjske Alpe,1054,3440,2037,0,5

Vaško,Kamniško Savinjske Alpe,1046,297120,1002,5,1

Kopa (Partizanski vrh),Kamniško Savinjske Alpe,1024,2240,2091,2,4

Prgozdnik,Kamniško Savinjske Alpe,1013,170,2554,3,2

Smolnik,Kamniško Savinjske Alpe,1002,207437,1351,1,1

Orlovo gnezdo (Slap Rinka),Kamniško Savinjske Alpe,1000,486036,297,6,1

Vrhe,Kamniško Savinjske Alpe,965,179420,1459,4,6

Planinska koča Iskra na Jakobu,Kamniško Savinjske Alpe,961,483499,307,7,8

Sveti Jošt nad Vranskim,Kamniško Savinjske Alpe,955,232863,1249,1,1

Sveta Mati Božja na Čreti,Kamniško Savinjske Alpe,944,174222,1478,3,6

Sveti Ahac (Kališe),Kamniško Savinjske Alpe,941,208188,1344,0,0

Vovar,Kamniško Savinjske Alpe,940,255283,1160,1,1

Planinska koča pri Franciju,Kamniško Savinjske Alpe,930,333525,861,8,5

Sveti Lenart nad Gornjim Gradom,Kamniško Savinjske Alpe,929,316677,921,3,2

Planica (vzletišče Gozd),Kamniško Savinjske Alpe,926,770,2300,3,4

Matkov kot,Kamniško Savinjske Alpe,920,421906,526,2,1

Skutman,Kamniško Savinjske Alpe,911,1540,2153,3,5

Grmada (Dobrovlje),Kamniško Savinjske Alpe,898,204482,1362,2,3

Sveti Lovrenc (Bašelj),Kamniško Savinjske Alpe,892,383534,670,4,5

Zavetišče v Gozdu,Kamniško Savinjske Alpe,891,403912,590,4,6

Robanova planina,Kamniško Savinjske Alpe,890,357136,765,6,1

Lomek (Lom),Kamniško Savinjske Alpe,884,1490,2157,0,2

Sveti Primož nad Ljubnim,Kamniško Savinjske Alpe,883,324600,889,0,2

Gradišče (Pustinjak),Kamniško Savinjske Alpe,871,267366,1116,6,5

Dom na Čreti,Kamniško Savinjske Alpe,870,449740,421,3,8

Slap Orglice,Kamniško Savinjske Alpe,870,476343,330,8,1

Sankaška koča,Kamniško Savinjske Alpe,867,417671,536,3,4

Mali vrh nad Završnico,Kamniško Savinjske Alpe,863,2030,2108,7,1

Sveti Janez in Pavel (Dobrovlje),Kamniško Savinjske Alpe,862,160224,1534,3,3

Dom na Lovrencu (Bašelj),Kamniško Savinjske Alpe,860,437502,466,3,4

Bezovec (Dobrovlje),Kamniško Savinjske Alpe,857,155839,1550,1,4

Zapečnikova planina,Kamniško Savinjske Alpe,840,72,2620,4,2

Sveti Peter nad Begunjami,Kamniško Savinjske Alpe,839,407426,578,4,5

Dom Čemšenik,Kamniško Savinjske Alpe,835,410429,565,5,1

Sveti Primož in Sveti Peter,Kamniško Savinjske Alpe,826,525779,179,2,1

Korošaški slapovi,Kamniško Savinjske Alpe,800,402522,594,4,1

Sveti Miklavž na Gori,Kamniško Savinjske Alpe,757,339115,835,0,1

Tominčev slap,Kamniško Savinjske Alpe,750,345965,809,5,1

Štefanja gora,Kamniško Savinjske Alpe,748,479052,320,3,8

Dom na Dobrovljah,Kamniško Savinjske Alpe,745,196160,1391,1,2

Sveti Florjan nad Gornjim Gradom,Kamniško Savinjske Alpe,743,172042,1487,0,1

Apnišče,Kamniško Savinjske Alpe,740,2560,2068,4,5

Gora Oljka,Kamniško Savinjske Alpe,733,534678,156,1,9

Slap Palenk,Kamniško Savinjske Alpe,730,280854,1063,5,1

Sveti Lovrenc nad Zabreznico,Kamniško Savinjske Alpe,725,278375,1070,5,3

Jamna peč,Kamniško Savinjske Alpe,720,290,2474,6,3

Vrholanov vrh (Ravne pri Šoštanju),Kamniško Savinjske Alpe,710,530,2358,0,1

Dom planincev Farbanca,Kamniško Savinjske Alpe,702,213356,1326,4,3

Sveti Nikolaj (Možjanca),Kamniško Savinjske Alpe,689,1400,2175,5,4

Sveti Jurij nad Tržičem,Kamniško Savinjske Alpe,673,157234,1545,2,2

Šenturška Gora,Kamniško Savinjske Alpe,671,7893,1988,1,3

Grad Gutenberk (Hudi grad),Kamniško Savinjske Alpe,663,490,2376,2,2

Sv. Miklavž nad Mačami,Kamniško Savinjske Alpe,651,210317,1339,6,1

Novi grad (Pusti grad),Kamniško Savinjske Alpe,630,2296,2082,6,2

Grad Kamen,Kamniško Savinjske Alpe,620,270695,1100,2,0

Brezovec,Kamniško Savinjske Alpe,617,2006,2110,1,1

Dom v Kamniški Bistrici,Kamniško Savinjske Alpe,600,408372,570,4,1

Koželj,Kamniško Savinjske Alpe,590,2280,2086,0,2

Senčnica Josipine Turnograjske,Kamniško Savinjske Alpe,570,260799,1137,8,2

Planinski dom Šentjungert,Kamniško Savinjske Alpe,565,386735,654,0,2

Sevčnik,Kamniško Savinjske Alpe,562,150,2568,0,1

Kriva jelka,Kamniško Savinjske Alpe,528,170,2556,0,2

Mokrišče Blata,Kamniško Savinjske Alpe,505,530,2362,2,1

Sebenje,Kamniško Savinjske Alpe,500,400,2416,1,1

Bazilika Marije Pomagaj na Brezjah,Kamniško Savinjske Alpe,486,1150,2217,1,2

Sveta Ana (Tunjice),Kamniško Savinjske Alpe,475,264936,1121,0,1

V Boštkú,Kamniško Savinjske Alpe,466,52,2629,1,2

Vinski vrh (Vimperk),Kamniško Savinjske Alpe,448,270,2487,0,3

Grad Velenje,Kamniško Savinjske Alpe,442,460,2388,0,3

Slap Peračica,Kamniško Savinjske Alpe,430,4220,2018,1,5

Šobčev bajer,Kamniško Savinjske Alpe,426,326800,884,2,5

Turistična kmetija Trnovc,Kamniško Savinjske Alpe,412,140,2575,1,1

Grad Žovnek,Kamniško Savinjske Alpe,409,312272,937,2,2

Šoštanj,Kamniško Savinjske Alpe,358,900,2261,0,1

Planinski dom Milana Šinkovca,Kamniško Savinjske Alpe,345,2633,2062,0,1

Stol,Karavanke,2236,796209,3,9,20

Vrtača,Karavanke,2181,629286,39,10,12

Prešernova koča na Stolu,Karavanke,2174,520872,190,9,14

Kepa,Karavanke,2143,592360,65,4,9

Ojstrc / Hochobir,Karavanke,2139,540140,144,3,6

Košutnikov turn,Karavanke,2133,585190,73,7,8

Kordeževa glava (Peca),Karavanke,2125,659090,26,5,22

Bistriška špica/Feistritzer Spitze,Karavanke,2113,424929,512,5,9

Končnikov vrh,Karavanke,2109,431777,487,5,10

Vajnež,Karavanke,2104,537921,146,7,5

Veliko Kladivo,Karavanke,2094,552035,124,7,8

Veliki vrh (Košuta),Karavanke,2088,656176,28,10,9

Dovška Mala Kepa,Karavanke,2077,415852,546,4,1

Velika glava,Karavanke,2077,349643,795,4,1

Veška kopa/Wackendorfer Spitze,Karavanke,2074,280103,1066,4,4

Begunjščica,Karavanke,2060,730770,5,12,14

Tolsta Košuta - Vzhodni vrh,Karavanke,2057,437728,465,6,1

Malo Kladivo,Karavanke,2036,413525,555,7,3

Gubno,Karavanke,2035,448291,427,4,4

Palec,Karavanke,2026,502802,244,12,3

Tolsta Košuta - Zahodni vrh,Karavanke,2026,450980,416,6,1

Pungartska gora,Karavanke,2025,349586,796,6,1

Ovčji vrh (Kozjak) / Geissberg (Kosiak),Karavanke,2024,459038,383,5,8

Zelenjak,Karavanke,2024,468495,354,11,3

Kravji vrh / Kuhberg,Karavanke,2017,6607,1994,1,2

Mali vrh,Karavanke,2017,345567,810,8,1

Potoški Stol,Karavanke,2014,464120,365,8,5

Toplar,Karavanke,2000,476147,332,10,3

Begunjska Vrtača,Karavanke,1991,479379,318,9,4

Košutica,Karavanke,1968,543548,136,7,8

Kofce gora,Karavanke,1967,567033,103,8,6

Cjajnik / Lärchenturm,Karavanke,1965,479161,319,5,3

Svačica,Karavanke,1953,424498,513,11,9

Struška,Karavanke,1944,512785,215,3,8

Trupejevo poldne,Karavanke,1931,546649,133,4,8

Govca (Olševa),Karavanke,1929,583737,76,4,14

Bele peči (Lepi vrh),Karavanke,1926,4510,2015,4,2

Setiče/Freiberg,Karavanke,1922,344434,815,0,1

Srednja peč,Karavanke,1920,1840,2127,7,5

Žleb (Suho ruševje),Karavanke,1916,397579,609,13,1

Obel kamen (Olševa),Karavanke,1911,1490,2158,2,5

Dovška Baba,Karavanke,1891,576817,86,5,8

Škrbina,Karavanke,1869,368567,719,5,1

Murnovc,Karavanke,1866,212976,1327,6,1

Kamnitnik,Karavanke,1858,274088,1088,10,2

Grlovec / Ferlacher Horn,Karavanke,1840,350363,793,1,6

Kresišče,Karavanke,1839,416449,542,4,4

Golica,Karavanke,1835,686565,16,5,12

Kraguljše,Karavanke,1828,172692,1485,3,2

Visoki vrh,Karavanke,1828,377266,691,1,3

Maloško poldne / Mallestiger Mittagskogel,Karavanke,1823,312228,938,5,4

Mojstrovica,Karavanke,1816,378216,688,3,2

Lokovnikov Grintovec / Grintoutz,Karavanke,1809,338220,839,5,5

Ostra peč / Mallestiger Mittagskogel,Karavanke,1801,333574,860,5,4

Plešivec,Karavanke,1801,462724,370,7,3

Srednji vrh (nad Završnico),Karavanke,1796,426043,506,11,5

Rjavca / Rjautza,Karavanke,1789,242363,1211,8,2

Krvavka,Karavanke,1784,303385,972,6,1

Na Možeh,Karavanke,1784,335027,853,13,1

Hruški vrh,Karavanke,1776,452823,408,8,9

Pristovški Storžič / Kärntner Storschitz,Karavanke,1759,503208,243,0,4

Koprivnjak / Kleiner Frauenkogel,Karavanke,1754,297665,998,7,2

Klek,Karavanke,1753,477402,327,7,8

Bivak na Belščici,Karavanke,1750,367356,725,10,2

Zajčnik,Karavanke,1746,234034,1245,4,3

Zajmenove peči,Karavanke,1745,910,2257,4,1

Kamnica (Komnica) / Ferlacher Spitze,Karavanke,1742,520,2363,4,3

Mala Košuta,Karavanke,1740,381759,678,6,2

Vošca,Karavanke,1737,487328,294,5,6

Mala Peca,Karavanke,1731,352255,785,3,3

Tamarča,Karavanke,1728,191848,1410,4,1

Hajnžev Praprotnik / Zeller Prapotnik,Karavanke,1727,680,2314,5,5

Veliki Javornik (Ženiklovec),Karavanke,1716,425905,508,5,4

Vrh Ljubeljščice (Triangel),Karavanke,1704,493398,275,10,3

Hajnževo sedlo,Karavanke,1701,405943,584,8,4

Belska planina (Svečica),Karavanke,1700,463362,369,4,5

Uršlja gora (Plešivec),Karavanke,1699,646813,31,2,14

Planina Seča,Karavanke,1698,309500,949,7,3

Alpengasthof Siebenhütten,Karavanke,1693,240563,1219,3,2

Stegovnik,Karavanke,1692,520925,189,2,9

Mačenski vrh / Matschacher Gupf,Karavanke,1691,1070,2233,0,3

Mali Javornik,Karavanke,1685,316274,924,3,1

Spodnji Plot,Karavanke,1682,298618,994,10,3

Dom na Uršlji gori,Karavanke,1680,11293,1981,1,10

Grpišca,Karavanke,1676,230177,1257,4,1

Hrašenska planina,Karavanke,1670,220936,1294,9,2

Votlina Kralja Matjaža,Karavanke,1670,368549,720,3,3

Pečovnik (kota 1668),Karavanke,1668,238091,1230,6,2

Bela peč / Weiße Wand,Karavanke,1665,215174,1317,8,1

Dom na Peci,Karavanke,1665,491317,281,3,7

Celovška koča / Klagenfurter Hutte,Karavanke,1664,438361,460,7,5

Potočka zijalka,Karavanke,1660,481599,312,3,3

Kosmatica / Kosmatitza,Karavanke,1659,380,2432,6,3

Kamnati vrh,Karavanke,1658,268279,1109,3,2

Roblekov dom na Begunjščici,Karavanke,1657,646642,32,6,9

Virnikov Grintovec,Karavanke,1654,519441,193,2,6

Planina Dovška Rožca,Karavanke,1650,428549,499,5,5

Visoka Bavha,Karavanke,1650,3079,2049,5,1

Topica/Topitza,Karavanke,1649,248355,1187,0,3

Mala Golica,Karavanke,1646,245918,1199,7,2

Pečovnik,Karavanke,1640,170265,1495,6,2

Veliki vrh nad Komatevro,Karavanke,1634,176736,1469,5,1

Blekova planina,Karavanke,1629,286158,1040,3,3

Macna / Matzen,Karavanke,1627,151635,1567,1,4

Jerebikovec,Karavanke,1621,326604,885,3,1

Ruš,Karavanke,1614,193650,1401,6,4

Sveta peč / Helige Wand,Karavanke,1613,161658,1528,6,1

Čofatijev vrh,Karavanke,1606,880,2268,1,3

Žingarica / Singerberg,Karavanke,1589,236287,1237,1,3

Rožca,Karavanke,1587,417497,539,6,6

Bela peč,Karavanke,1583,448769,425,6,7

Koča na Golici,Karavanke,1582,518629,196,5,5

Planina Zgornja Dolga njiva,Karavanke,1580,361781,748,8,2

Planina Zgornja Konjščica,Karavanke,1578,201831,1370,5,2

Ojstra / Oistra,Karavanke,1577,1410,2170,0,1

Psinski vrh / Sinacher Gupf ,Karavanke,1577,217715,1308,0,4

Planina Zgornja Luža,Karavanke,1573,132521,1640,4,2

Vgrizeva planina / Ogrisalm,Karavanke,1569,203856,1363,8,4

Veška planina / Wackendorfer Alm,Karavanke,1568,134942,1631,1,1

Planina Korošica,Karavanke,1554,570717,93,7,6

Rekaršica,Karavanke,1554,190285,1416,3,2

Kapelška koča / Eisenkappler Hütte,Karavanke,1553,263748,1128,3,7

Petelinjek (nad Korenskim sedlom),Karavanke,1552,1830,2129,4,2

Stara gora / Altberg,Karavanke,1552,490,2375,1,2

Špičasti vrh / Spitzberg,Karavanke,1551,600,2338,2,1

Planina Javornik,Karavanke,1550,414122,552,7,4

Ptičji vrh,Karavanke,1550,358839,756,4,2

Snežnik (nad Koprivno),Karavanke,1543,820,2283,4,1

Dom na Zelenici,Karavanke,1536,580479,82,10,6

Sveta Ana (Macna) / St. Anna (Matzen),Karavanke,1536,145644,1589,1,3

Zavetišče na planini Šija,Karavanke,1528,455311,394,9,3

Koča Berta / Bertahütte,Karavanke,1527,360,2441,4,4

Šoparjev vrh,Karavanke,1524,450,2394,3,3

Mejnik,Karavanke,1517,160096,1535,3,3

Požgani rob,Karavanke,1513,153599,1560,8,1

Peč (Tromeja),Karavanke,1508,549597,128,6,11

Planica,Karavanke,1508,332534,863,3,3

Bukovec,Karavanke,1506,310991,943,3,1

Polna peč,Karavanke,1503,322721,895,6,2

"Lipševa vrata (Vrata, Felsentore)",Karavanke,1500,164462,1517,0,1

Žerjavov Praprotnik / Loibler Prapotnik,Karavanke,1500,640,2329,0,2

Kopa / Monte Coppa,Karavanke,1496,268903,1107,5,2

Dom na Kofcah,Karavanke,1488,697379,12,8,13

Jureževa planina,Karavanke,1488,222065,1289,4,1

Borovje,Karavanke,1476,403276,592,4,3

Veliki Rob / Großer Rain,Karavanke,1464,65,2625,3,4

Planina Ilovica,Karavanke,1462,178965,1461,9,2

Planina Spodnja Konjščica,Karavanke,1451,360021,753,4,3

Spominska plošča Jožeta Rozmana,Karavanke,1450,157465,1543,6,1

Borovski vrh (Žehtar) / Sechter,Karavanke,1449,110,2594,1,2

Koča Pr Zdravc,Karavanke,1448,271676,1095,6,4

Planina Pungrat,Karavanke,1447,328574,877,7,3

Kališje,Karavanke,1435,1080,2231,3,1

Tegoška planina,Karavanke,1430,285405,1045,5,4

Koča pri izviru Završnice,Karavanke,1425,510278,221,11,2

Lovska koča na Brvogih,Karavanke,1425,220077,1298,5,1

Dreiländereck Hütte,Karavanke,1423,354971,774,5,4

Plešivška kopa (Kozarnica),Karavanke,1414,118223,1695,0,1

Potočnikova planina,Karavanke,1410,1210,2211,6,1

Planina Rožca / Roschitzaalm,Karavanke,1407,880,2267,7,1

Planina Spodnja Dolga njiva,Karavanke,1400,439302,458,6,2

Planina Stamare,Karavanke,1400,341075,827,11,5

Robič,Karavanke,1384,49,2635,6,4

Jeseniška planina,Karavanke,1380,262359,1133,7,2

Hruška planina,Karavanke,1378,304410,966,9,2

Koča na Ljubelju,Karavanke,1370,504977,236,4,2

Planina Možine,Karavanke,1352,169228,1499,6,1

Veronjak / Hausberg,Karavanke,1348,41,2632,1,2

Hofovška planina / Hoffmansalpe,Karavanke,1335,120,2585,0,1

Sveti Lenart / St. Leonhard,Karavanke,1334,160,2562,2,1

Španov vrh,Karavanke,1334,419054,531,3,6

Planina Rep (Repija),Karavanke,1330,310,2457,4,2

Lovska koča nad Doslovško planino,Karavanke,1325,890,2265,6,2

Bivak brez meja / Bivacco Senza Confini,Karavanke,1319,2390,2074,5,3

Na pečeh pri Črnem Vrhu,Karavanke,1318,800,2292,2,1

Koča na planini Preval-a,Karavanke,1311,568544,96,4,4

Govševa planina,Karavanke,1300,590,2340,5,2

Pusti Rovt,Karavanke,1296,312694,936,4,2

Koča Vrtača,Karavanke,1288,401997,595,10,1

Roblekova planina,Karavanke,1284,323468,893,1,5

Koča pod Košuto / Koschutahaus,Karavanke,1280,216286,1314,4,3

Lovska koča Stanič,Karavanke,1280,286966,1035,6,1

Golarjeva peč,Karavanke,1276,177284,1467,2,1

Marija Snežna (Kavalar) / Madonna della Neve,Karavanke,1275,285771,1044,4,2

Močnikova planina,Karavanke,1275,155299,1553,4,1

Basališče (Paški Kozjak),Karavanke,1272,449131,423,1,3

Obirska planina,Karavanke,1272,230875,1254,2,2

Planina Kladje / Quadiaalm,Karavanke,1271,510,2366,1,3

Potoška planina,Karavanke,1270,423822,517,10,4

Vetrh vrh,Karavanke,1268,118801,1694,1,1

Markljev Rovt,Karavanke,1250,257756,1150,6,1

Planina Luža,Karavanke,1250,145639,1590,2,2

Velika Boncla,Karavanke,1241,1277,2200,10,1

Sveti Duh pod Olševo,Karavanke,1232,279289,1068,5,1

Izvir reke Meže,Karavanke,1230,460,2392,4,1

Božičev vrh / Boschitzberg,Karavanke,1228,228422,1265,0,1

Štrukljev vrh,Karavanke,1227,650,2323,2,1

Tolsti vrh (pri Poljški planini),Karavanke,1225,450,2397,5,1

Zabreška planina,Karavanke,1225,354893,775,12,2

Planinski dom na kmetiji Kumer,Karavanke,1220,1130,2219,4,1

Sveta Ana v Koprivni,Karavanke,1218,810,2285,3,2

Doslovška planina,Karavanke,1210,1260,2201,4,1

Rovt Vrse,Karavanke,1200,301941,978,3,3

Žirovniška planina,Karavanke,1200,369095,716,12,2

Jesenik,Karavanke,1199,380,2430,3,4

Hom (nad Prevaljami),Karavanke,1193,460,2389,1,2

Brdo (Plezališče pod Golico),Karavanke,1192,1122,2220,0,1

Ostrica,Karavanke,1182,1040,2235,5,1

Valvasorjev dom pod Stolom,Karavanke,1181,558289,116,9,4

Tomčeva koča na Poljški planini,Karavanke,1180,431655,488,4,6

Veliki vrh (nad Mežiško dolino),Karavanke,1165,550,2359,4,3

Smučarski dom Črni vrh,Karavanke,1156,220105,1297,3,4

Šumahov vrh,Karavanke,1155,510,2369,2,3

Pikov vrh,Karavanke,1149,670,2318,4,3

Alničje,Karavanke,1145,173380,1482,12,3

Dom na Tromeji,Karavanke,1145,470579,348,7,2

Hribarska (Huda) zijalka,Karavanke,1140,155641,1552,1,1

Planina Planinca,Karavanke,1136,375313,695,5,3

Mala Boncla (Bavha),Karavanke,1131,196726,1390,8,1

Žmitkov špic,Karavanke,1124,287914,1033,1,1

Železna (Kisla) voda,Karavanke,1115,257005,1152,3,1

Zavetišče na Kalu,Karavanke,1112,226010,1275,4,5

Špik (Paški Kozjak),Karavanke,1108,394991,621,5,1

Erjavčev rovt (Planina Mlinca),Karavanke,1105,2789,2056,5,2

Partizanska bolnica Krtina,Karavanke,1100,224140,1280,6,1

Jelenkamen,Karavanke,1096,395699,617,7,5

Stenica,Karavanke,1091,310907,945,3,2

Arihova peč / Arichwand,Karavanke,1090,290,2473,2,1

Planina Dolžanka,Karavanke,1090,217407,1310,4,1

Andrejev dom na Slemenu,Karavanke,1086,459797,380,1,4

Koča nad Arihovo pečjo /  Rossalmhütte,Karavanke,1080,230,2510,2,1

Pogorevc,Karavanke,1076,1000,2239,1,1

Smolnik,Karavanke,1075,399327,602,9,2

Sveti Vid pod Jernejevim vrhom,Karavanke,1075,151522,1568,1,1

Koča na Naravskih ledinah,Karavanke,1072,297345,1000,1,8

Sveti Jošt na Paškem Kozjaku,Karavanke,1063,630,2339,5,1

Sveti Jakob v Koprivni,Karavanke,1062,100,2600,0,1

Ajdna,Karavanke,1046,500795,248,7,7

Bivak Suška bajta,Karavanke,1034,640,2326,2,3

Planina Zali potok,Karavanke,1032,290,2472,2,1

Sveta Ana (Ljubelj),Karavanke,1032,2220,2093,5,2

Mirca,Karavanke,1025,1925,2117,5,2

Veliki Mošenik / Große Muschenig,Karavanke,1021,113528,1713,1,2

Stolpnik,Karavanke,1012,468061,357,1,10

Jezero pri Čežov,Karavanke,1010,34,2642,2,1

Plakopec (Brezejec),Karavanke,1005,400,2417,6,1

Izvir Javornika,Karavanke,1000,225721,1276,10,1

Špicasti  vrh (Kislica),Karavanke,994,385144,662,3,1

Visoko,Karavanke,991,410,2409,6,2

Sv. Mihael (Rute (Zavrh)) / St. Michael (Bärental),Karavanke,982,110,2591,0,1

Boč,Karavanke,978,597437,59,4,9

Dom Pristava v Javorniškem Rovtu,Karavanke,975,423669,518,6,2

Ramšakov vrh,Karavanke,970,303688,968,6,4

Veliki vrh nad Završnikom,Karavanke,968,181110,1452,3,5

Dom na Paškem Kozjaku,Karavanke,960,407829,575,5,2

Srnjak,Karavanke,955,275727,1082,2,1

Radojč,Karavanke,937,321763,902,4,2

Podgorska planina / Maria Elender Alm,Karavanke,930,109310,1731,1,1

Smodivnik,Karavanke,923,240,2502,0,1

Slapovi v Preski,Karavanke,910,1320,2192,3,1

Andrejev vrh,Karavanke,897,790,2293,2,8

Volinjak,Karavanke,886,1330,2188,2,6

Donačka gora,Karavanke,884,570730,94,2,4

Fričev vrh,Karavanke,881,192064,1407,3,2

Rokov vrh / Rochusberg,Karavanke,880,280,2476,0,2

Kamnek,Karavanke,873,322139,900,2,6

Stegovniški slap,Karavanke,872,142690,1602,1,1

Gank,Karavanke,850,540,2352,8,1

Malnež,Karavanke,846,142889,1601,7,1

Gora sv. Eme (Junska gora) / Hemmaberg,Karavanke,842,180,2546,0,2

Turška jama v Gozdašnici,Karavanke,835,203097,1365,10,1

Lovska koča Štepih,Karavanke,825,265511,1119,1,1

Plešivec,Karavanke,822,273474,1091,2,2

Časov vrh,Karavanke,821,115366,1707,3,1

Sveti Rupert (Završe),Karavanke,815,138420,1617,3,1

Sveti Vid (Završe),Karavanke,808,138004,1619,1,1

Vinska gora,Karavanke,806,223999,1281,2,2

Poštarski dom pod Plešivcem,Karavanke,805,391639,637,1,4

Slapovi Dobršnik,Karavanke,800,247436,1193,2,1

Temnjak,Karavanke,798,139382,1613,4,1

Črepič,Karavanke,798,186839,1428,2,2

Štalekarjev vrh,Karavanke,792,310,2458,3,1

Kalvarija nad Jesenicami,Karavanke,784,197435,1388,4,2

Skalni vrh (Vodemla),Karavanke,780,390,2424,0,2

Kozjek,Karavanke,766,116873,1701,0,3

Slap pod Gozdašnico,Karavanke,760,2302,2083,9,1

Slap pod Kurico,Karavanke,760,1837,2128,8,1

Kapelica sv. Barbare na Pejcah,Karavanke,750,135671,1628,1,1

Kušpergarjev turn (Kušpergarjevi turni),Karavanke,750,550,2350,3,1

Skala,Karavanke,750,335136,851,1,3

Soteska Čepa/Tscheppaschlucht,Karavanke,750,348965,801,1,1

Gradišče nad Sotesko (Soteska),Karavanke,724,1396,2176,5,3

RIS Dolina (Dovžanova soteska),Karavanke,720,1620,2147,3,3

Strana,Karavanke,711,370,2436,12,1

Čopov rovt,Karavanke,710,880,2269,10,1

Slapišče pod Kalvarijo,Karavanke,700,760,2301,4,1

Dom na Boču,Karavanke,698,439733,457,2,7

Grad Lindek,Karavanke,695,260508,1139,3,1

Javorniški slapovi,Karavanke,690,3084,2047,10,1

Dom v Dragi,Karavanke,689,303445,970,5,1

Leški cerkvi,Karavanke,674,640,2325,2,2

Sveta Marjeta na Boču,Karavanke,655,182531,1446,2,2

Izvir Sotle,Karavanke,640,305408,962,0,2

Podkanjski slap / Wildensteiner Wasserfall,Karavanke,640,730,2307,1,1

Jezero Završnica,Karavanke,630,470,2385,8,1

Partizanska bolnica na Formili/Boču,Karavanke,630,245040,1203,3,3

Formila na Boču,Karavanke,624,207982,1348,4,3

Rudijev dom na Donački gori,Karavanke,590,323750,891,2,1

Sveti Rok (Sele),Karavanke,582,250,2497,2,1

Gonžarjeva peč,Karavanke,575,394196,627,3,2

Lindeški slap,Karavanke,555,154310,1557,3,1

Mornova zijalka,Karavanke,550,267863,1113,0,1

Planinska koča Velikonočnica,Karavanke,550,3091,2045,2,3

Krajnikov grad,Karavanke,549,113464,1714,0,1

Grilova kapela na Boču,Karavanke,534,190173,1417,1,2

Sveti Pankracij (Grajski grič),Karavanke,530,100,2597,0,3

Grad Konjice,Karavanke,515,231017,1253,1,2

Sveti Donat,Karavanke,511,200469,1377,2,1

Sveti Mihael na Pečici,Karavanke,500,127654,1660,1,4

Sveta Barbara v Zagradu,Karavanke,435,130,2578,1,3

Sveti Miklavž (Sele),Karavanke,435,89,2608,1,1

Zbelovski grad,Karavanke,400,122632,1678,1,3

Studeniški grad,Karavanke,315,171436,1489,3,3

